<UIScene SceneName="TestScene">
    <UIObject Name="">
        <Position x="0" y="0" z="0"/>
        <Scale width="1280" height="720"/>
        <Texture texPath="C:\Users\kgca42095\Documents\GitHub\TeamB\res\ui\ZombieInvasionBg1.png"/>
        <Scripts>
            <Script Type="ChangeTexture"/>
        </Scripts>
    </UIObject>
    <UIObject Name="T_start">
        <Position x="-465" y="153" z="0"/>
        <Scale width="154" height="94"/>
        <Texture texPath="C:\Users\kgca42095\Documents\GitHub\TeamB\res\ui\Empty.png"/>
        <Scripts>
            <Script Type="PickingUI"/>
            <Script Type="ChangeTexture"/>
            <Script Type="Text">
                <args Text="Start"/>
            </Script>
        </Scripts>
    </UIObject>
    <UIObject Name="B_start">
        <Position x="-433" y="128" z="0"/>
        <Scale width="200" height="100"/>
        <Texture texPath="../../res/ui/button1.png"/>
        <Scripts>
            <Script Type="PickingUI"/>
            <Script Type="ChangeTexture"/>
            <Script Type="ButtonAction">
                <args TexListXml="../../res/ui/xml/ButtonTex.xml"/>
            </Script>
        </Scripts>
    </UIObject>
    <UIObject Name="B_Option">
        <Position x="-433" y="-9" z="0"/>
        <Scale width="200" height="100"/>
        <Texture texPath="../../res/ui/button1.png"/>
        <Scripts>
            <Script Type="PickingUI"/>
            <Script Type="ChangeTexture"/>
            <Script Type="ButtonAction">
                <args TexListXml="../../res/ui/xml/ButtonTex.xml"/>
            </Script>
        </Scripts>
    </UIObject>
    <UIObject Name="B_exit">
        <Position x="-433" y="-152" z="0"/>
        <Scale width="188" height="100"/>
        <Texture texPath="../../res/ui/button1.png"/>
        <Scripts>
            <Script Type="PickingUI"/>
            <Script Type="ChangeTexture"/>
            <Script Type="ButtonAction">
                <args TexListXml="../../res/ui/xml/ButtonTex.xml"/>
            </Script>
        </Scripts>
    </UIObject>
    <UIObject Name="T_Exit">
        <Position x="-456" y="-132" z="0"/>
        <Scale width="156" height="98"/>
        <Texture texPath="C:\Users\kgca42095\Documents\GitHub\TeamB\res\ui\Empty.png"/>
        <Scripts>
            <Script Type="PickingUI"/>
            <Script Type="ChangeTexture"/>
            <Script Type="Text">
                <args Text="Exit"/>
            </Script>
        </Scripts>
    </UIObject>
    <UIObject Name="T_Option">
        <Position x="-474" y="16" z="0"/>
        <Scale width="200" height="192"/>
        <Texture texPath="C:\Users\kgca42095\Documents\GitHub\TeamB\res\ui\Empty.png"/>
        <Scripts>
            <Script Type="PickingUI"/>
            <Script Type="ChangeTexture"/>
            <Script Type="Text">
                <args Text="Option"/>
            </Script>
        </Scripts>
    </UIObject>
    <UIObject Name="">
        <Position x="92" y="218" z="0"/>
        <Scale width="744" height="200"/>
        <Texture texPath="C:\Users\kgca42095\Documents\GitHub\TeamB\res\ui\logo.png"/>
        <Scripts>
            <Script Type="PickingUI"/>
            <Script Type="ChangeTexture"/>
        </Scripts>
    </UIObject>
</UIScene>
